{
  "checolors": {"Terminal Tractor": [0.6509803921568628, 0.807843137254902, 0.8901960784313725],
		"Reach Stacker": [0.12156862745098039, 0.47058823529411764, 0.7058823529411765],
		"Ship-to-Shore Gantry Crane": [0.6980392156862745, 0.8745098039215686, 0.5411764705882353],
		"Rubber Tired Gantry Crane": [0.2, 0.6274509803921569, 0.17254901960784313],
		"Side Handler": [0.984313725490196, 0.6039215686274509, 0.6],
		"Automated Guided Vehicle": [0.8901960784313725, 0.10196078431372549, 0.10980392156862745],
		"Sweeper": [0.9921568627450981, 0.7490196078431373, 0.43529411764705883],
		"Forklift": [1.0, 0.4980392156862745, 0],
		"Pallet Jack": [0.792156862745098, 0.6980392156862745, 0.8392156862745098],
		"Crawler Excavator": [0.41568627450980394, 0.23921568627450981],
		"Bulk Material Crane": [1.0, 1.0, 0.6],
		"Skid Steer Loader": [0.6941176470588235, 0.34901960784313724, 0.1568627450980392],
		"Compact Wheeler Loader": [0.6509803921568628, 0.807843137254902, 0.8901960784313725],
		"Man Lift": [0.12156862745098039, 0.47058823529411764, 0.7058823529411765],
		"Scissor Lift": [0.6980392156862745, 0.8745098039215686, 0.5411764705882353],
		"Boom Lift": [0.2, 0.6274509803921569, 0.17254901960784313],
		"Bulldozer": [3.857724062684481e-06, 0.6]},
	"POLBcolor":"#00B2C0",
	"POLBcolordark":"#00263D",
	"maintitlefont":["quicksand", 26, "bold"],
	"subtitlefont":["quicksand", 18],
	"subframewidth":100,
	"uploadbuttonheight":5,
	"uploadbuttonwidth":20,
	"MONTHNAMES":["January", "February", "March", "April", "May", "June", "July", "August", "September", "October", "November", "December"],
	"MONTHCOLORS":[[0.9686274509803922, 0.5607843137254902, 0.6549019607843137],
		[0.12156862745098039, 0.4588235294117647, 0.996078431372549],
		[0.5725490196078431, 0.43137254901960786, 0.6823529411764706],
		[0.9333333333333333, 0.12549019607843137, 0.30196078431372547],
		[0.2980392156862745, 0.7176470588235294, 0.6470588235294118],
		[0.5098039215686274, 0.5568627450980392, 0.5176470588235295],
		[1.0, 0.4588235294117647, 0.2196078431372549],
		[0.10980392156862745, 0.6745098039215687, 0.47058823529411764],
		[0, 0, 0],
		[0.9921568627450981, 0.8509803921568627, 0.7098039215686275],
		[0.9882352941176471, 0.9098039215686274, 0.5137254901960784],
		[0.7058823529411765, 0.403921568627451, 0.30196078431372547]],
	"loadcolor": [0.35294117647058826, 0.7058823529411765, 0.6745098039215687],
	"batterycolor": [0.8470588235294118, 0.7019607843137254, 0.396078431372549]
}